Sire,foal_count,total_sales,median_price,variance_sales,gini_coef,years_active,avg_price,foals_per_year
Accelerate,73,4098000,33000.0,61771.09740100794,0.5230483296228697,4,56136.98630136986,18.25
Acclamation,1,1700,1700.0,,0.0,1,1700.0,1.0
Afleet Alex,8,277500,21000.0,37489.93912657483,0.5074324324324324,3,34687.5,2.6666666666666665
Aikenite,19,65300,2500.0,2731.3428781697576,0.3809140001611993,3,3436.842105263158,6.333333333333333
Air Force Blue,70,4037500,30000.0,81377.23196317001,0.6084935869084476,5,57678.57142857143,14.0
Airoforce,2,12000,6000.0,5656.85424949238,0.33333333333333326,1,6000.0,2.0
Albertus Maximus,1,20000,20000.0,,0.0,1,20000.0,1.0
Algorithms,24,489000,13000.0,24066.94016063638,0.5384798909338787,5,20375.0,4.8
Alliance,1,3500,3500.0,,0.0,1,3500.0,1.0
Alternation,21,370000,15000.0,10823.47536827331,0.3353925353925354,6,17619.04761904762,3.5
Always Dreaming,59,1977500,25000.0,36636.3732607946,0.4644110651610277,4,33516.94915254237,14.75
Americain,9,22900,1400.0,3021.6349511113644,0.4211547792333819,2,2544.4444444444443,4.5
American Freedom,55,1630000,22000.0,32712.617135675948,0.48803123257110986,4,29636.363636363636,13.75
American Guru,1,1000,1000.0,,0.0,1,1000.0,1.0
American Pharoah,302,83998000,200000.0,522862.1609931944,0.4988897165479657,7,278139.0728476821,43.142857142857146
Ami's Holiday,1,35000,35000.0,,0.0,1,35000.0,1.0
Anchor Down,29,941500,15000.0,49012.92304704712,0.5806947827201642,4,32465.51724137931,7.25
Animal Kingdom,64,1723700,12000.0,44527.69801344983,0.6360780950861519,4,26932.8125,16.0
Archarcharch,9,69500,8000.0,3961.6214413349044,0.2717825739408473,1,7722.222222222223,9.0
Army Mule,75,6591400,50000.0,102555.1726176239,0.5359783960918773,4,87885.33333333333,18.75
Arrogate,110,22966000,170000.0,166966.9737061509,0.42398565468320765,3,208781.81818181818,36.666666666666664
Artie Schiller,3,54700,11000.0,19200.607629273956,0.44241316270566733,2,18233.333333333332,1.5
Astern (AUS),32,1000700,20500.0,34956.25131572874,0.5195207105026481,5,31271.875,6.4
Astrology,2,263500,131750.0,181372.88937434944,0.48671726755218225,1,131750.0,2.0
Atreides,9,190500,12000.0,19072.23112276065,0.4590259550889473,1,21166.666666666668,9.0
Audible,126,13556500,75000.0,118230.29054846567,0.5011053094075998,3,107591.26984126984,42.0
Authentic,111,23091000,130000.0,205168.11109028078,0.4964587817647451,2,208027.02702702704,55.5
Awesome Again,24,1618500,28500.0,83975.83924014666,0.5910179178251468,3,67437.5,8.0
Awesome Patriot,1,2000,2000.0,,0.0,1,2000.0,1.0
Awesome Slew,1,16000,16000.0,,0.0,1,16000.0,1.0
Bal a Bali (BRZ),25,126800,4500.0,3681.430881238073,0.38996845425867505,2,5072.0,12.5
Basin,4,55000,13750.0,10251.016209787853,0.34545454545454546,1,13750.0,4.0
Bated Breath (GB),1,100000,100000.0,,0.0,1,100000.0,1.0
Battalion Runner,1,20000,20000.0,,0.0,1,20000.0,1.0
Battle of Midway,1,20000,20000.0,,0.0,1,20000.0,1.0
Bayern,65,4329200,32000.0,83371.08305872376,0.5859650743786382,4,66603.07692307692,16.25
Beau Liam,24,1615000,47500.0,72279.9383837149,0.5160216718266254,1,67291.66666666667,24.0
Bee Jersey,31,683000,10000.0,29800.98865358636,0.5710102489019033,4,22032.25806451613,7.75
Behesht (FR),2,12000,6000.0,2828.42712474619,0.16666666666666674,1,6000.0,2.0
Bellamy Road,2,17000,8500.0,4949.747468305833,0.2058823529411764,2,8500.0,1.0
Bernardini,164,17688500,65000.0,111837.94648398327,0.5309762716164629,6,107856.70731707317,27.333333333333332
Big Blue Kitten,27,158900,3500.0,10233.15515310231,0.5540405099876465,3,5885.185185185185,9.0
Big Brown,4,98000,19000.0,21439.838307848,0.3928571428571429,2,24500.0,2.0
Biogenic,7,33500,4500.0,1933.4154333963606,0.20042643923240938,2,4785.714285714285,3.5
Bird Song,5,97200,20000.0,18975.457833738823,0.4551440329218107,2,19440.0,2.5
Birdstone,1,11000,11000.0,,0.0,1,11000.0,1.0
Blame,174,16897500,65000.0,98479.39441921038,0.4977579489586469,7,97112.06896551725,24.857142857142858
Blue Point (IRE),1,400000,400000.0,,0.0,1,400000.0,1.0
Bodemeister,80,2327600,16000.0,39667.6697742186,0.5807838546141949,4,29095.0,20.0
Bolt d'Oro,160,21385000,95000.0,118064.26386059159,0.4457841360766893,4,133656.25,40.0
Bravazo,1,6000,6000.0,,0.0,1,6000.0,1.0
Brody's Cause,40,1156400,18500.0,30444.458044790772,0.5220295745416811,5,28910.0,8.0
Broken Vow,36,2522500,44000.0,74842.13412031047,0.5364111881951327,6,70069.44444444444,6.0
Bucchero,1,28000,28000.0,,0.0,1,28000.0,1.0
By My Standards,5,96500,15000.0,13226.866597951308,0.33989637305699477,1,19300.0,5.0
Cairo Prince,234,15060200,36000.0,76589.24336427594,0.5474922467857488,7,64359.82905982906,33.42857142857143
Cajun Breeze,1,11000,11000.0,,0.0,1,11000.0,1.0
Caleb's Posse,2,48500,24250.0,25102.290732122437,0.365979381443299,2,24250.0,1.0
California Chrome,56,3215200,25000.0,73580.5592619321,0.5840283208331852,3,57414.28571428572,18.666666666666668
Calyx (GB),1,100000,100000.0,,0.0,1,100000.0,1.0
Can the Man,9,88200,4500.0,10387.973815908472,0.4930713025951121,3,9800.0,3.0
Candy Ride (ARG),240,49538500,140000.0,202413.0974639,0.506653873586537,7,206410.41666666666,34.285714285714285
Caracaro,17,989000,40000.0,51740.31949809265,0.4466186879200618,2,58176.470588235294,8.5
Caravaggio,57,4195500,45000.0,83196.50452189475,0.5358079981266478,5,73605.26315789473,11.4
Carpe Diem,136,10031000,45000.0,92316.06307186915,0.5635251309176846,5,73757.35294117648,27.2
Catalina Cruiser,70,3581700,33500.0,51411.036770943974,0.4860967856444865,3,51167.142857142855,23.333333333333332
Catholic Boy,67,3124200,30000.0,53777.72157553883,0.5379325764112031,3,46629.850746268654,22.333333333333332
Central Banker,6,136000,16250.0,20788.618681063603,0.4534313725490196,5,22666.666666666668,1.2
Charlatan,79,20120000,200000.0,221204.0214026697,0.40461786244557973,1,254683.54430379748,79.0
Charming Kitten,1,25000,25000.0,,0.0,1,25000.0,1.0
Churchill (IRE),2,255000,127500.0,74246.21202458748,0.2058823529411764,2,127500.0,1.0
Cinco Charlie,5,30000,4000.0,5111.262075065219,0.35333333333333333,2,6000.0,2.5
City Zip,32,3584000,80000.0,103520.29565695426,0.4541713169642857,1,112000.0,32.0
City of Light,184,41251000,150000.0,229148.12951226303,0.4859643718782048,4,224190.21739130435,46.0
Classic Empire,112,8497000,50000.0,70643.56611239223,0.45501458497957264,5,75866.07142857143,22.4
Clearly Now,3,11500,3000.0,1892.9694486000913,0.2028985507246377,1,3833.3333333333335,3.0
Cloud Computing,46,1366000,25000.0,27467.653352194626,0.44059138073715703,4,29695.652173913044,11.5
Clubhouse Ride,1,2500,2500.0,,0.0,1,2500.0,1.0
Coal Front,2,32500,16250.0,12374.368670764581,0.26923076923076916,2,16250.0,1.0
Code of Honor,8,256000,27500.0,22277.471002914903,0.3359375,1,32000.0,8.0
Collected,133,8670500,38000.0,69745.5799024295,0.5282625859961593,4,65191.72932330827,33.25
Colonel John,8,117500,11000.0,11442.207267081696,0.399468085106383,1,14687.5,8.0
Combatant,4,27700,5850.0,4784.262395256626,0.3185920577617328,1,6925.0,4.0
Commissioner,54,2061500,26000.0,41064.50946749189,0.5065126975143953,5,38175.92592592593,10.8
Competitive Edge,49,2311200,39000.0,41947.82666080123,0.4513725531749564,5,47167.34693877551,9.8
Complexity,72,7902500,65000.0,120283.35071046914,0.5090205279623186,2,109756.94444444444,36.0
Congrats,58,2664500,22500.0,55293.00561603111,0.580606441009182,6,45939.65517241379,9.666666666666666
Connect,142,7895700,35000.0,66855.79740821439,0.5400940287162901,5,55603.52112676056,28.4
Conquest Curlinate,6,64200,5000.0,10754.533927604672,0.44911734164070616,1,10700.0,6.0
Constitution,292,62042500,142500.0,239425.50482785286,0.5226218936312437,7,212474.31506849316,41.714285714285715
Conveyance,4,169000,46000.0,30510.927004381014,0.34171597633136097,1,42250.0,4.0
Copper Bullet,5,179000,22000.0,19892.209530366403,0.25027932960893845,2,35800.0,2.5
Core Beliefs,1,4000,4000.0,,0.0,1,4000.0,1.0
Country House,2,205000,102500.0,109601.55108391486,0.37804878048780477,2,102500.0,1.0
Court Vision,3,73000,1500.0,39548.493439489364,0.6255707762557078,3,24333.333333333332,1.0
Creative Cause,103,3267300,15000.0,51284.28198314329,0.6302921060380903,7,31721.35922330097,14.714285714285714
Cross Traffic,38,1458900,22500.0,39333.9436769034,0.5005844345595637,7,38392.10526315789,5.428571428571429
Cupid,45,1793000,22000.0,42938.621921590035,0.4883187705273595,4,39844.444444444445,11.25
Curlin,262,121604000,350000.0,476597.378829777,0.41560969644680734,7,464137.40458015265,37.42857142857143
Custom for Carlos,1,25000,25000.0,,0.0,1,25000.0,1.0
Daaher,4,86700,9500.0,26946.041762505058,0.4899077277970012,3,21675.0,1.3333333333333333
Daddy Long Legs,2,25500,12750.0,6010.407640085654,0.16666666666666674,1,12750.0,2.0
Danza,11,253200,13500.0,22694.572839417717,0.4997845756139595,2,23018.18181818182,5.5
Daredevil,71,3042900,22000.0,52561.35642403846,0.5835167434327613,6,42857.74647887324,11.833333333333334
Dark Angel (IRE),2,310000,155000.0,7071.067811865475,0.016129032258064502,1,155000.0,2.0
Data Link,15,181700,7000.0,14049.395852118474,0.5016327279398276,2,12113.333333333334,7.5
Dawn Approach (IRE),1,20000,20000.0,,0.0,1,20000.0,1.0
Declaration of War,80,7138500,65000.0,88097.21844162786,0.5046849828395321,3,89231.25,26.666666666666668
Demarchelier (GB),12,172000,11000.0,8499.55435551913,0.3042635658914728,3,14333.333333333334,4.0
Destin,3,100000,25000.0,23629.078131263042,0.3,2,33333.333333333336,1.5
Dialed In,174,10348400,40000.0,62391.9254442471,0.5111051650163477,7,59473.5632183908,24.857142857142858
Discreet Cat,10,103500,8500.0,7352.437237633065,0.3570048309178744,1,10350.0,10.0
Distorted Humor,116,14382500,82500.0,114479.66330137073,0.4703911602342406,6,123987.06896551725,19.333333333333332
Divining Rod,1,2000,2000.0,,0.0,1,2000.0,1.0
Divisidero,18,631000,17000.0,40454.000343487045,0.567969712977637,3,35055.555555555555,6.0
Dominus,16,302700,13500.0,17571.53830298683,0.45455483977535516,3,18918.75,5.333333333333333
Dubawi (IRE),3,1700000,500000.0,115470.05383792515,0.07843137254901962,2,566666.6666666666,1.5
Dunkerque (FR),1,27000,27000.0,,0.0,1,27000.0,1.0
Dynamic Sky,1,18000,18000.0,,0.0,1,18000.0,1.0
Echo Town,14,478000,23500.0,30308.94039935854,0.47489539748953974,2,34142.857142857145,7.0
Effinex,2,32500,16250.0,19445.436482630055,0.42307692307692313,1,16250.0,2.0
El Padrino,1,10000,10000.0,,0.0,1,10000.0,1.0
Elusive Quality,20,1893500,43500.0,130399.01063153896,0.5799709532611566,2,94675.0,10.0
Empire Maker,152,33968000,170000.0,249140.24209277253,0.49833550772243845,4,223473.68421052632,38.0
English Channel,53,3386200,40000.0,64106.012750968104,0.519533779168055,6,63890.56603773585,8.833333333333334
Enticed,33,1237000,30000.0,28292.138055607877,0.38298914774258347,3,37484.84848484849,11.0
Essential Quality,47,8286000,150000.0,127052.01175513443,0.3723429933083745,1,176297.87234042553,47.0
Euroears,1,16000,16000.0,,0.0,1,16000.0,1.0
Even the Score,1,8000,8000.0,,0.0,1,8000.0,1.0
Exaggerator,94,5362500,26500.0,73575.50686524798,0.5793651738332589,5,57047.87234042553,18.8
Far From Over,2,19500,9750.0,7424.621202458749,0.26923076923076916,1,9750.0,2.0
Fast Anna,36,1553000,18500.0,74515.63700814855,0.6458109751734994,5,43138.88888888889,7.2
Faversham,2,8500,4250.0,353.5533905932738,0.02941176470588225,1,4250.0,2.0
Fed Biz,61,1607600,9000.0,45366.428754349814,0.6622110548664335,5,26354.09836065574,12.2
Firing Line,19,349200,9000.0,20661.57407543902,0.5321637426900585,4,18378.947368421053,4.75
First Defence,3,56000,20000.0,9073.771725877466,0.21428571428571427,1,18666.666666666668,3.0
First Samurai,84,4012200,22000.0,59563.63134498871,0.5893055941283846,7,47764.28571428572,12.0
Flameaway,44,2180000,32500.0,66801.14695626344,0.5444745621351126,3,49545.454545454544,14.666666666666666
Flashback,25,351700,9000.0,13721.720008803562,0.47924936025021325,3,14068.0,8.333333333333334
Flat Out,18,241000,9500.0,14339.41047639189,0.49700322729368374,2,13388.888888888889,9.0
Flatter,134,19532500,100000.0,140230.63293965426,0.47252302419809317,7,145764.92537313432,19.142857142857142
Flintshire (GB),39,1139700,10000.0,51888.43021602603,0.6556201249541603,4,29223.076923076922,9.75
Fort Larned,10,330700,5600.0,80025.02455829398,0.7752343513758694,4,33070.0,2.5
Frac Daddy,7,106000,9500.0,12088.955998880016,0.36927223719676544,2,15142.857142857143,3.5
Frank Conversation,1,5000,5000.0,,0.0,1,5000.0,1.0
Frankel (GB),4,1850000,450000.0,75000.0,0.07432432432432434,4,462500.0,1.0
Free Drop Billy,10,324000,30000.0,17532.192611814924,0.2716049382716049,3,32400.0,3.3333333333333335
Freud,3,42000,10000.0,13453.62404707371,0.41269841269841273,3,14000.0,1.0
Frosted,216,20711500,55000.0,107076.21652116551,0.5244647364453994,6,95886.57407407407,36.0
Funtastic,9,143200,12000.0,18553.533655643907,0.5077591558038486,3,15911.111111111111,3.0
Galileo (IRE),6,2645000,430000.0,260027.24216256008,0.29584120982986767,4,440833.3333333333,1.5
Game Winner,71,6900500,52000.0,113781.5691262738,0.5467209459204324,2,97190.14084507042,35.5
Gemologist,31,383400,11000.0,9943.486548046556,0.43256432261429983,2,12367.741935483871,15.5
Get Stormy,29,650500,20000.0,20078.295023096027,0.44321344323994805,6,22431.03448275862,4.833333333333333
Ghostzapper,180,33552500,150000.0,159333.7744115117,0.4423396998071017,7,186402.77777777778,25.714285714285715
Giacomo,1,3000,3000.0,,0.0,1,3000.0,1.0
Giant Gizmo,1,1000,1000.0,,0.0,1,1000.0,1.0
Giant's Causeway,17,3037000,100000.0,171935.28621856196,0.4927075868213601,2,178647.0588235294,8.5
Gift Box,20,467500,18500.0,19922.795063893387,0.39481283422459895,2,23375.0,10.0
Gio Ponti,1,4500,4500.0,,0.0,1,4500.0,1.0
Girolamo,6,29500,2500.0,5190.536260028117,0.4491525423728813,2,4916.666666666667,3.0
Girvin,25,2514000,40000.0,128017.92843191925,0.6059824980111377,4,100560.0,6.25
Global Campaign,47,3575500,45000.0,75719.01566944757,0.4933635230305537,2,76074.46808510639,23.5
Golden Horn (GB),1,50000,50000.0,,0.0,1,50000.0,1.0
Goldencents,150,5229000,25000.0,35706.27189092965,0.5001065850704405,7,34860.0,21.428571428571427
Good Magic,161,28496500,130000.0,157022.0575358603,0.45266319618852613,4,176996.8944099379,40.25
Good Samaritan,46,1686000,21000.0,50496.85023897997,0.548055598535252,4,36652.17391304348,11.5
Gormley,39,1640500,22000.0,52510.92361133557,0.5626958635187834,5,42064.10256410256,7.8
Graydar,18,281900,9500.0,17282.025306450934,0.513519372511923,2,15661.111111111111,9.0
Greenpointcrusader,1,2500,2500.0,,0.0,1,2500.0,1.0
Grey Swallow,1,1700,1700.0,,0.0,1,1700.0,1.0
Grey Swallow (IRE),9,17400,1800.0,1175.7976016304847,0.2924648786717752,3,1933.3333333333333,3.0
Gun Runner,213,87552000,310000.0,324049.28156912135,0.4041404555500645,5,411042.25352112675,42.6
Gunnevera,1,9000,9000.0,,0.0,1,9000.0,1.0
Hakassan (CHI),3,8500,1500.0,2753.785273643051,0.392156862745098,2,2833.3333333333335,1.5
Hampton Court (AUS),6,28200,2850.0,5182.6634079399755,0.4598108747044917,1,4700.0,6.0
Hard Spun,257,25982700,65000.0,114491.65021410951,0.5181922080778713,7,101100.0,36.714285714285715
Hat Trick (JPN),1,2000,2000.0,,0.0,1,2000.0,1.0
Haynesfield,2,4300,2150.0,1202.0815280171307,0.19767441860465107,2,2150.0,1.0
Heart to Heart,5,37500,5000.0,6082.76253029822,0.384,3,7500.0,1.6666666666666667
Higher Power,20,857000,30000.0,39956.91758829621,0.47030338389731624,2,42850.0,10.0
Hightail,4,52500,7500.0,15222.653075816537,0.5071428571428571,2,13125.0,2.0
Hit It a Bomb,14,540500,31000.0,39157.06959031917,0.5006607638430025,4,38607.142857142855,3.5
Holiday Promise,1,1000,1000.0,,0.0,1,1000.0,1.0
Honest Mischief,4,75000,15000.0,19120.233610846215,0.4766666666666667,2,18750.0,2.0
Honor A. P.,39,2307000,35000.0,71741.6925179782,0.5079301568248252,2,59153.846153846156,19.5
Honor Code,176,17988200,50000.0,123755.6415872639,0.5847071716711258,7,102205.68181818182,25.142857142857142
Honorable Dillon,1,3000,3000.0,,0.0,1,3000.0,1.0
Hoppertunity,1,12000,12000.0,,0.0,1,12000.0,1.0
Hunters Bay,1,7500,7500.0,,0.0,1,7500.0,1.0
Improbable,86,4106000,27000.0,78836.38097858294,0.5575788126281449,2,47744.186046511626,43.0
Include,23,743500,10000.0,55582.16863667458,0.6554779100026316,5,32326.08695652174,4.6
Independence Hall,41,2983500,40000.0,83227.18137430941,0.5373701700817913,1,72768.29268292683,41.0
Informed,1,4500,4500.0,,0.0,1,4500.0,1.0
Instagrand,41,1693500,22000.0,58627.19911107604,0.546292495697322,2,41304.87804878049,20.5
Instilled Regard,11,348200,22000.0,39319.495511421905,0.5885332358623571,1,31654.545454545456,11.0
Into Mischief,413,184454000,350000.0,355210.3141446433,0.3944600215422779,7,446619.85472154967,59.0
Ironicus,7,56400,3000.0,8822.67101333399,0.5182370820668692,3,8057.142857142857,2.3333333333333335
Isotherm,4,58900,3850.0,23568.534815158397,0.6311544991511036,1,14725.0,4.0
Istan,4,31200,2600.0,11496.086290559932,0.5833333333333334,1,7800.0,4.0
Itsmyluckyday,6,71700,5350.0,13140.58598388976,0.5190609019060902,2,11950.0,3.0
Jack Milton,27,282900,7000.0,9327.104148387742,0.4497073956246809,4,10477.777777777777,6.75
Java's War,4,34000,5250.0,9282.600210429548,0.4779411764705882,2,8500.0,2.0
Jersey Town,14,129700,3850.0,14075.106620328897,0.5927414913536734,4,9264.285714285714,3.5
Jess's Dream,1,5000,5000.0,,0.0,1,5000.0,1.0
Jimmy Creed,83,3267600,25000.0,48293.84631735803,0.5523762328048883,7,39368.67469879518,11.857142857142858
Justify,196,64230000,267500.0,245408.05199352134,0.3957803111903332,4,327704.0816326531,49.0
Justin Phillip,8,182200,18500.0,22392.71246250823,0.49492316136114156,2,22775.0,4.0
K One King,2,3000,1500.0,0.0,0.0,1,1500.0,2.0
Kantharos,196,13196500,45000.0,70944.1103330442,0.49320919971823085,7,67329.08163265306,28.0
Karakontie (JPN),97,5178000,17000.0,91330.07483150622,0.6740308919974675,7,53381.44329896907,13.857142857142858
Keen Ice,37,488800,5000.0,14344.81679104926,0.5275910116335648,3,13210.81081081081,12.333333333333334
Kettle Corn,1,15000,15000.0,,0.0,1,15000.0,1.0
Khozan,3,23500,4500.0,6211.548384528074,0.3120567375886525,3,7833.333333333333,1.0
Kingman (GB),5,1710000,300000.0,166230.26198619793,0.21871345029239767,4,342000.0,1.25
Kitten's Joy,188,19733500,57500.0,142826.14474158117,0.6083111988523674,7,104965.4255319149,26.857142857142858
Klimt,84,2371600,20000.0,27682.243159566773,0.4996114738693589,4,28233.333333333332,21.0
Knicks Go,39,2404000,40000.0,77163.61195179171,0.5283501855881223,1,61641.02564102564,39.0
Known Agenda,21,478500,17000.0,19341.38789524386,0.4457381698761009,1,22785.714285714286,21.0
Kobe's Back,3,19500,5000.0,3041.38126514911,0.18803418803418812,2,6500.0,1.5
Langfuhr,1,1100,1100.0,,0.0,1,1100.0,1.0
Laoban,37,2599000,50000.0,67812.30444125633,0.5058494431330137,5,70243.24324324324,7.4
Le Havre (IRE),2,410000,205000.0,134350.28842544404,0.23170731707317072,2,205000.0,1.0
Lea,60,3293700,15000.0,101785.01841909873,0.6944940340650333,4,54895.0,15.0
Lemon Drop Kid,77,5410500,45000.0,66990.74879255149,0.46751566518686005,5,70266.23376623377,15.4
Leofric,3,76000,3000.0,38682.46803570493,0.587719298245614,2,25333.333333333332,1.5
Lexitonian,12,460000,28500.0,32508.274005057217,0.3833333333333333,1,38333.333333333336,12.0
Liaison,8,71000,4500.0,9668.616387940048,0.5,1,8875.0,8.0
Liam's Map,320,47092000,120000.0,125139.76574928864,0.4323525625371613,7,147162.5,45.714285714285715
Line of David,1,1500,1500.0,,0.0,1,1500.0,1.0
Lone Sailor,1,14000,14000.0,,0.0,1,14000.0,1.0
Lookin At Lucky,73,3475500,31000.0,49495.1769939466,0.5162793172560172,7,47609.58904109589,10.428571428571429
Lope de Vega (IRE),3,810000,300000.0,60827.6253029822,0.09053497942386828,2,270000.0,1.5
Lord Kanaloa (JPN),1,375000,375000.0,,0.0,1,375000.0,1.0
Lord Nelson,62,3242000,29000.0,66715.54175280035,0.4941493701617878,4,52290.32258064516,15.5
Lost Treasure (IRE),2,67000,33500.0,44547.72721475249,0.4701492537313432,2,33500.0,1.0
Macho Uno,18,969200,37000.0,60013.57907342816,0.5044825056174623,5,53844.444444444445,3.6
Maclean's Music,232,25023900,66000.0,112358.10654508408,0.5150856643118145,7,107861.63793103448,33.142857142857146
Magician (IRE),5,46600,4500.0,12885.534525195297,0.5733905579399142,1,9320.0,5.0
Magna Graduate,1,11000,11000.0,,0.0,1,11000.0,1.0
Majestic City,7,67500,3000.0,13798.291819745555,0.5566137566137567,3,9642.857142857143,2.3333333333333335
Majesticperfection,17,653000,17000.0,53292.012562307835,0.5987748851454824,2,38411.76470588235,8.5
Malibu Moon,187,23654500,95000.0,117165.27465146285,0.47316951257875317,6,126494.65240641711,31.166666666666668
Mark Valeski,15,164800,3500.0,13132.558594504548,0.5789644012944984,5,10986.666666666666,3.0
Mastery,121,8292500,32000.0,88603.67598509458,0.5833629412219047,4,68533.05785123968,30.25
Maxfield,58,13439000,145000.0,229836.47952408294,0.4939394094901355,1,231706.89655172414,58.0
Maximum Security,31,1800500,35000.0,77895.23913288856,0.5361772267560087,2,58080.645161290326,15.5
Maximus Mischief,79,4083000,32000.0,44907.538714905146,0.44575687397886266,3,51683.54430379747,26.333333333333332
McCraken,14,284000,21000.0,15597.971127576282,0.39084507042253513,2,20285.714285714286,7.0
McKinzie,125,19721500,110000.0,169582.68874676045,0.48836528661612966,2,157772.0,62.5
Medaglia d'Oro,181,76433000,300000.0,375629.949624141,0.4436208276298463,7,422281.7679558011,25.857142857142858
Medal Count,11,231500,6000.0,39300.41637530991,0.6966424504221481,2,21045.454545454544,5.5
Mendelssohn,204,19605000,65000.0,113379.10681967845,0.5191545274064739,4,96102.94117647059,51.0
Micromanage,1,15000,15000.0,,0.0,1,15000.0,1.0
Midnight Lute,71,3416500,27000.0,58312.30357729786,0.5462142090064166,7,48119.718309859156,10.142857142857142
Midnight Storm,30,959000,19500.0,38086.773279585854,0.5388251651025373,4,31966.666666666668,7.5
Midshipman,88,4745800,37500.0,53282.979445988065,0.5127126760887138,7,53929.545454545456,12.571428571428571
Milwaukee Brew,1,2500,2500.0,,0.0,1,2500.0,1.0
Mineshaft,74,4211900,32000.0,65659.26023247743,0.5196836120053671,6,56917.56756756757,12.333333333333334
Mission Impazible,2,49000,24500.0,14849.242404917499,0.2142857142857142,1,24500.0,2.0
Mitole,119,10322500,60000.0,92912.54466273276,0.5033705029602056,3,86743.6974789916,39.666666666666664
Mizzen Mast,26,624500,11500.0,30936.541748951444,0.5686087331403584,5,24019.23076923077,5.2
Mo Town,73,3647500,25000.0,70643.33974106608,0.5596289445764128,4,49965.75342465754,18.25
Modernist,14,275700,16000.0,13947.61982924323,0.37460490180838385,1,19692.85714285714,14.0
Mohaymen,22,789000,20000.0,31005.8296431731,0.4346698928447978,3,35863.63636363636,7.333333333333333
Mor Spirit,22,796500,27500.0,28515.100047798023,0.4076642127489585,3,36204.545454545456,7.333333333333333
More Than Ready,211,30514000,100000.0,128056.94241631562,0.46325158182383536,7,144616.11374407582,30.142857142857142
Morning Line,9,73900,5000.0,7679.590556215293,0.4564727108705458,2,8211.111111111111,4.5
Mr Speaker,33,900000,18000.0,25314.919917995903,0.4727609427609428,4,27272.727272727272,8.25
Mr. Money,1,2000,2000.0,,0.0,1,2000.0,1.0
Mr. Sidney,1,1500,1500.0,,0.0,1,1500.0,1.0
Mshawish,38,888400,11250.0,26162.446347045225,0.5307412497926491,4,23378.947368421053,9.5
Mucho Macho Man,41,1328500,19000.0,41410.47867270359,0.5399267466517345,6,32402.439024390245,6.833333333333333
Munnings,301,43844400,110000.0,125594.6493788746,0.4370642832940689,7,145662.4584717608,43.0
Musketier (GER),6,14200,1350.0,2768.874620972692,0.431924882629108,3,2366.6666666666665,2.0
Myboycharlie (IRE),1,20000,20000.0,,0.0,1,20000.0,1.0
New Year's Day,5,102700,4500.0,23420.24765027048,0.5172346640701071,1,20540.0,5.0
Niagara Causeway,1,4000,4000.0,,0.0,1,4000.0,1.0
No Nay Never,31,6760000,190000.0,119691.80854284918,0.30583126550868484,6,218064.51612903227,5.166666666666667
Noble Mission (GB),49,1740500,20000.0,42381.93885957318,0.5487046297979117,5,35520.4081632653,9.8
Normandy Invasion,3,5500,1500.0,577.3502691896257,0.12121212121212126,3,1833.3333333333333,1.0
Northern Afleet,3,21000,2500.0,8674.675786448735,0.4920634920634921,3,7000.0,1.0
Not Bourbon,8,44900,2500.0,6778.41901078078,0.513641425389755,3,5612.5,2.6666666666666665
Not This Time,236,55565700,172500.0,239752.35582398737,0.5087075803348139,6,235447.88135593222,39.333333333333336
Notional,2,18000,9000.0,707.1067811865476,0.02777777777777768,2,9000.0,1.0
Nyquist,238,52053000,160000.0,195990.21541707998,0.44343079863494006,6,218710.08403361344,39.666666666666664
Oasis Dream (GB),1,50000,50000.0,,0.0,1,50000.0,1.0
Om,1,90000,90000.0,,0.0,1,90000.0,1.0
Omaha Beach,165,26087000,105000.0,161503.74247126502,0.48286026593996084,3,158103.0303030303,55.0
Optimizer,12,248600,4000.0,53594.19631627924,0.7888844194153929,4,20716.666666666668,3.0
Orb,79,3028700,29000.0,40330.233946810666,0.5112800620895542,5,38337.9746835443,15.8
Oscar Performance,73,4758000,35000.0,74021.12920304007,0.5426678643611049,4,65178.08219178082,18.25
Outstrip (GB),1,4000,4000.0,,0.0,1,4000.0,1.0
Outwork,94,4803000,23000.0,63458.49022548168,0.5651498841592798,6,51095.744680851065,15.666666666666666
Overanalyze,38,493900,8250.0,13278.787938055213,0.49583337773467884,4,12997.368421052632,9.5
Oxbow,73,620000,4000.0,21617.009305734246,0.6259257622624834,4,8493.150684931506,18.25
Palace,24,857500,23000.0,38991.63209187846,0.5105685131195336,5,35729.166666666664,4.8
Palace Malice,101,5425500,25000.0,64622.99961474956,0.5657844191939239,5,53717.82178217822,20.2
Paynter,50,1538300,20000.0,35140.955871914426,0.5459390235974777,7,30766.0,7.142857142857143
Perfect Soul (IRE),6,72700,14000.0,6403.25438091184,0.26249426868408987,3,12116.666666666666,2.0
Perfect Timber,1,10000,10000.0,,0.0,1,10000.0,1.0
Persian King (IRE),1,75000,75000.0,,0.0,1,75000.0,1.0
Pinatubo (IRE),1,300000,300000.0,,0.0,1,300000.0,1.0
Pioneerof the Nile,127,36959000,250000.0,281270.33215401735,0.45647603121824926,4,291015.74803149607,31.75
Point of Entry,47,1911200,20000.0,54437.72439391446,0.5834053240472734,6,40663.82978723404,7.833333333333333
Power Broker,2,11200,5600.0,1272.7922061357856,0.0803571428571428,2,5600.0,1.0
Practical Joke,225,32942000,105000.0,137843.50569936933,0.4506077348066298,5,146408.88888888888,45.0
Preservationist,40,1797500,20000.0,70408.44095484795,0.630827538247566,3,44937.5,13.333333333333334
Producer (GB),6,34900,3000.0,7053.060801288096,0.4818529130850047,3,5816.666666666667,2.0
Promises Fulfilled,11,549000,17000.0,59575.92558316579,0.5537340619307832,2,49909.09090909091,5.5
Protonico,8,424000,32000.0,45866.26522526426,0.4363207547169812,3,53000.0,2.6666666666666665
Proud Citizen,4,88200,28500.0,13971.757226634021,0.2534013605442177,1,22050.0,4.0
Quality Road,264,101715000,325000.0,313776.58912484307,0.4067705144648074,7,385284.0909090909,37.714285714285715
Qurbaan,3,51500,12500.0,16018.218794027423,0.401294498381877,2,17166.666666666668,1.5
Race Day,32,914200,13500.0,29337.517953593473,0.49735424414788887,5,28568.75,6.4
Raging Bull (FR),13,870000,26000.0,110967.3086532407,0.6281167108753316,1,66923.07692307692,13.0
Raison d'Etat,42,117100,2200.0,2553.543915285939,0.38312797364889595,3,2788.095238095238,14.0
Ransom the Moon,16,553000,20000.0,34319.515827975585,0.5067811934900542,4,34562.5,4.0
Ready's Image,1,1200,1200.0,,0.0,1,1200.0,1.0
Real Solution,9,81000,5000.0,8440.971508067067,0.40329218106995884,4,9000.0,2.25
Red Rocks (IRE),7,27200,2500.0,3213.21675346714,0.3897058823529411,2,3885.714285714286,3.5
Revolutionary,10,158000,9500.0,23924.0464804765,0.6124050632911392,3,15800.0,3.3333333333333335
Rock Your World,33,1119500,20000.0,41405.412012675275,0.5221757548689214,1,33924.242424242424,33.0
Roman Candle (GB),1,8000,8000.0,,0.0,1,8000.0,1.0
Rowayton,2,120000,60000.0,70710.67811865476,0.41666666666666674,2,60000.0,1.0
Run Away and Hide,7,263000,30000.0,38291.02219779959,0.5089625203693645,3,37571.42857142857,2.3333333333333335
Runhappy,159,15180500,50000.0,125287.16127692234,0.604101297613891,6,95474.8427672956,26.5
Sea The Moon (GER),1,4500,4500.0,,0.0,1,4500.0,1.0
Secret Circle,12,475700,19500.0,58161.56897867015,0.6360976806110293,3,39641.666666666664,4.0
Seek Again,1,20000,20000.0,,0.0,1,20000.0,1.0
Seeking the Soul,9,52500,4500.0,4168.333000133267,0.308994708994709,2,5833.333333333333,4.5
Shackleford,55,2802000,27000.0,61131.13354270055,0.552793459217442,4,50945.454545454544,13.75
Shakin It Up,8,90900,10500.0,9254.17859286125,0.4278052805280528,2,11362.5,4.0
Shaman Ghost,17,883000,25000.0,73357.40469461425,0.5747784957697688,4,51941.17647058824,4.25
Shancelot,5,297000,55000.0,47056.34919965636,0.3919191919191919,1,59400.0,5.0
Shanghai Bobby,47,1837900,27000.0,37229.96080441951,0.47575111742935106,2,39104.255319148935,23.5
Sharp Azteca,48,2648000,40000.0,47075.01181719079,0.4109390735146022,4,55166.666666666664,12.0
Silent Name (JPN),11,802000,65000.0,56230.69365649786,0.4114713216957606,5,72909.09090909091,2.2
Silver Max,3,30500,7500.0,6898.067362191626,0.2841530054644809,2,10166.666666666666,1.5
Silver State,55,2931500,35000.0,59072.3504915167,0.5123718853208875,1,53300.0,55.0
Sir Prancealot (IRE),1,3500,3500.0,,0.0,1,3500.0,1.0
Siyouni (FR),1,150000,150000.0,,0.0,1,150000.0,1.0
Skipshot,2,4700,2350.0,1626.3455967290593,0.24468085106382986,1,2350.0,2.0
Sky Kingdom,11,267400,7000.0,53834.19832310043,0.7340042156796084,5,24309.090909090908,2.2
Sky Mesa,41,1439500,19000.0,50481.619451430284,0.5481747558010488,6,35109.756097560974,6.833333333333333
Slumber (GB),2,7000,3500.0,2121.3203435596424,0.2142857142857142,1,3500.0,2.0
Smarty Jones,3,21500,2500.0,8519.585279421372,0.4651162790697674,2,7166.666666666667,1.5
Snapy Halo (ARG),1,1000,1000.0,,0.0,1,1000.0,1.0
Snow Trouble,1,27000,27000.0,,0.0,1,27000.0,1.0
Society's Chairman,3,60000,20000.0,5000.0,0.11111111111111116,1,20000.0,3.0
Solomini,3,69000,15000.0,24020.824298928626,0.4444444444444445,1,23000.0,3.0
Speightster,90,4741000,30000.0,72590.05685737409,0.5596615810072887,5,52677.77777777778,18.0
Speightstown,180,41216000,180000.0,176919.98493008027,0.40244538259144236,7,228977.77777777778,25.714285714285715
Spun to Run,23,779000,22000.0,33603.71238666954,0.48747000055812917,2,33869.565217391304,11.5
Star Guitar,8,354500,15500.0,48651.04425542022,0.5375528913963329,3,44312.5,2.6666666666666665
Stay Thirsty,12,159300,6250.0,22746.513219312616,0.619428750784683,3,13275.0,4.0
Stormy Atlantic,13,295500,6000.0,50726.64297676624,0.6986854093453079,6,22730.76923076923,2.1666666666666665
Street Boss,116,5381400,31000.0,50523.09944185329,0.5062395633491092,7,46391.379310344826,16.571428571428573
Street Sense,252,45206000,127500.0,168990.11485846163,0.4701154643750759,7,179388.88888888888,36.0
Street Strategy,1,8000,8000.0,,0.0,1,8000.0,1.0
Stroll,1,4000,4000.0,,0.0,1,4000.0,1.0
Strong Mandate,32,1188400,13500.0,57219.12465082327,0.635628786603837,3,37137.5,10.666666666666666
Study of Man (IRE),1,140000,140000.0,,0.0,1,140000.0,1.0
Successful Appeal,5,314700,22000.0,105413.08267952323,0.6689545598983159,3,62940.0,1.6666666666666667
Summer Front,90,3883200,18000.0,60101.37540724584,0.6293143112209861,6,43146.666666666664,15.0
Super Saver,119,7940400,35000.0,86794.85599670616,0.5889157839348526,4,66726.05042016807,29.75
Tacitus,31,2490000,50000.0,74265.9128163898,0.45593988858660445,1,80322.58064516129,31.0
Take Charge Indy,45,2272500,27000.0,79098.47142529483,0.5927392739273928,4,50500.0,11.25
Tale of Ekati,25,357100,8500.0,18573.562752830523,0.5064127695323439,7,14284.0,3.5714285714285716
Tale of Verve,15,146500,8000.0,7050.498124921658,0.3158134243458476,3,9766.666666666666,5.0
Tale of the Cat,24,1535500,36000.0,77585.6440058153,0.5510013025073266,4,63979.166666666664,6.0
Tamarkuz,15,1032000,21000.0,83409.6602832755,0.570671834625323,4,68800.0,3.75
Tapit,174,77659000,350000.0,366177.18645251583,0.41379347347148226,7,446316.091954023,24.857142857142858
Tapiture,120,4568900,22000.0,43395.665461107106,0.5403231631246033,7,38074.166666666664,17.142857142857142
Tapizar,43,1658700,25000.0,40452.265184813856,0.5232649272826436,4,38574.41860465116,10.75
Tapwrit,66,2886000,31000.0,39614.11770667525,0.436044436044436,4,43727.27272727273,16.5
Temple City,71,2572900,19000.0,47214.587231965816,0.5663888887368285,7,36238.028169014084,10.142857142857142
Ten Sovereigns (IRE),4,124000,22000.0,31485.44637341725,0.46370967741935487,2,31000.0,2.0
Texas Red,7,81200,9200.0,7694.37023630481,0.3149190710767065,2,11600.0,3.5
Texas Ryano,1,3500,3500.0,,0.0,1,3500.0,1.0
The Big Beast,3,138000,5000.0,72753.0068107154,0.6135265700483092,3,46000.0,1.0
The Factor,101,4085200,25000.0,39711.82593147639,0.4875386931623741,6,40447.52475247525,16.833333333333332
The Gurkha (IRE),1,80000,80000.0,,0.0,1,80000.0,1.0
The Player,1,6000,6000.0,,0.0,1,6000.0,1.0
Thousand Words,31,975700,26000.0,33119.339443311525,0.4779364360409565,2,31474.1935483871,15.5
Tiz the Law,91,9463000,70000.0,108443.78928023232,0.4912922858606045,2,103989.01098901099,45.5
Tiznow,112,10457200,55000.0,112866.93849119774,0.5692192255780023,5,93367.85714285714,22.4
Tizway,2,4000,2000.0,707.1067811865476,0.125,1,2000.0,2.0
To Honor and Serve,5,85500,5000.0,18187.908071023452,0.47719298245614034,2,17100.0,2.5
Tom's Ready,3,39000,14000.0,7549.83443527075,0.2564102564102564,2,13000.0,1.5
Tom's d'Etat,35,1234200,25000.0,35690.508589278244,0.5092853670393778,2,35262.857142857145,17.5
Tonalist,106,6402500,35000.0,73854.37472329038,0.5634790360487133,7,60400.943396226416,15.142857142857142
Too Much Bling,2,56000,28000.0,7071.067811865475,0.08928571428571419,2,28000.0,1.0
Tourist,38,953500,15000.0,27208.617291357146,0.48898793917147354,5,25092.105263157893,7.6
Trappe Shot,11,177500,15000.0,11081.721231584264,0.34775928297055053,3,16136.363636363636,3.6666666666666665
Treasure Beach (GB),1,1500,1500.0,,0.0,1,1500.0,1.0
Tu Brutus (CHI),2,25000,12500.0,10606.601717798212,0.30000000000000004,1,12500.0,2.0
Twirling Candy,296,36383900,80000.0,139306.70184523353,0.528648781243679,7,122918.58108108108,42.285714285714285
Uncaptured,6,213500,29500.0,28299.146041297194,0.40163934426229514,3,35583.333333333336,2.0
Uncle Chuck,8,366500,32500.0,46210.64928285316,0.459924965893588,1,45812.5,8.0
Uncle Mo,365,116964000,250000.0,285924.3171606087,0.43246468999008236,7,320449.31506849313,52.142857142857146
Unified,89,3555700,20000.0,61876.910645173666,0.6099755006441627,5,39951.68539325843,17.8
Union Jackson,2,27000,13500.0,4949.747468305833,0.12962962962962954,2,13500.0,1.0
Union Rags,243,28307200,52000.0,149855.2837475809,0.5771232190690452,7,116490.53497942387,34.714285714285715
Upstart,130,9028700,47000.0,71726.85509487246,0.5134758304926769,6,69451.53846153847,21.666666666666668
Vancouver (AUS),24,916200,22500.0,44890.20663991104,0.5743560358000437,2,38175.0,12.0
Vekoma,92,11894000,92500.0,131303.82317333002,0.4769695717972525,2,129282.60869565218,46.0
Verrazano,61,2085200,12000.0,43032.17470810985,0.6040164406134727,3,34183.60655737705,20.333333333333332
Vino Rosso,128,9672500,50000.0,84124.28401945792,0.5057472053502197,3,75566.40625,42.666666666666664
Violence,231,23985000,60000.0,115282.27956109219,0.5126961565985956,7,103831.16883116883,33.0
Volatile,92,10007500,62500.0,156836.64358161791,0.5616380106224679,2,108777.17391304347,46.0
War Dancer,2,22000,11000.0,5656.85424949238,0.18181818181818188,2,11000.0,1.0
War Front,102,40245000,250000.0,446800.6526832813,0.4801115228051713,7,394558.82352941175,14.571428571428571
War of Will,60,5128500,70000.0,76602.56362705682,0.4569318514185434,2,85475.0,30.0
Warrior's Reward,9,117000,7500.0,14771.171246722448,0.48528015194681856,1,13000.0,9.0
We Miss Artie,9,29600,1700.0,3520.8111439142986,0.457957957957958,2,3288.8888888888887,4.5
West Coast,73,4168200,40000.0,61696.29129217188,0.4975900375511127,4,57098.6301369863,18.25
What Now,1,14000,14000.0,,0.0,1,14000.0,1.0
Wicked Strong,42,1388700,17500.0,38788.141395173676,0.561081449934334,4,33064.28571428572,10.5
Will Take Charge,106,7864000,31000.0,100768.08481974337,0.6018361676807616,6,74188.67924528301,17.666666666666668
Win Win Win,10,702500,65000.0,72442.026629728,0.4857651245551601,2,70250.0,5.0
Winslow Homer,1,2700,2700.0,,0.0,1,2700.0,1.0
Without Parole (GB),1,95000,95000.0,,0.0,1,95000.0,1.0
Wootton Bassett (GB),5,1375000,300000.0,127475.48783981962,0.2327272727272728,4,275000.0,1.25
World of Trouble,17,703500,30000.0,33301.43081186824,0.37953091684434964,3,41382.35294117647,5.666666666666667
Yaupon,71,13017000,140000.0,158989.12304772588,0.4320352475148965,1,183338.02816901408,71.0
Yorkton,4,44500,5000.0,14061.620342857597,0.5196629213483146,2,11125.0,2.0
Yoshida (JPN),39,1119000,22000.0,24733.478107036524,0.4404344538392796,3,28692.30769230769,13.0
Zoffany (IRE),3,270000,75000.0,54083.26913195984,0.25925925925925924,2,90000.0,1.5
